code,name,regioFacet,level,url
1680,Aa en Hunze,tcm:106-353398-1024,4,/regioinformatie/gemeente/aa-en-hunze/
0106,Assen,tcm:106-353399-1024,4,/regioinformatie/gemeente/assen/
1681,Borger-Odoorn,tcm:106-353400-1024,4,/regioinformatie/gemeente/borger-odoorn/
0109,Coevorden,tcm:106-353401-1024,4,/regioinformatie/gemeente/coevorden/
1690,De Wolden,tcm:106-353402-1024,4,/regioinformatie/gemeente/de-wolden/
0114,Emmen,tcm:106-353403-1024,4,/regioinformatie/gemeente/emmen/
0118,Hoogeveen,tcm:106-353404-1024,4,/regioinformatie/gemeente/hoogeveen/
0119,Meppel,tcm:106-353405-1024,4,/regioinformatie/gemeente/meppel/
1731,Midden-Drenthe,tcm:106-353406-1024,4,/regioinformatie/gemeente/midden-drenthe/
1699,Noordenveld,tcm:106-353407-1024,4,/regioinformatie/gemeente/noordenveld/
1730,Tynaarlo,tcm:106-353408-1024,4,/regioinformatie/gemeente/tynaarlo/
1701,Westerveld,tcm:106-353409-1024,4,/regioinformatie/gemeente/westerveld/
0034,Almere,tcm:106-353411-1024,4,/regioinformatie/gemeente/almere/
0303,Dronten,tcm:106-353412-1024,4,/regioinformatie/gemeente/dronten/
0995,Lelystad,tcm:106-353413-1024,4,/regioinformatie/gemeente/lelystad/
0171,Noordoostpolder,tcm:106-353414-1024,4,/regioinformatie/gemeente/noordoostpolder/
0184,Urk,tcm:106-353415-1024,4,/regioinformatie/gemeente/urk/
0050,Zeewolde,tcm:106-353416-1024,4,/regioinformatie/gemeente/zeewolde/
0059,Achtkarspelen,tcm:106-353418-1024,4,/regioinformatie/gemeente/achtkarspelen/
0060,Ameland,tcm:106-353419-1024,4,/regioinformatie/gemeente/ameland/
1891,Dantumadeel (Dantumadiel),tcm:106-353421-1024,4,/regioinformatie/gemeente/dantumadiel/
1921,De Friese Meren,tcm:106-401747-1024,4,/regioinformatie/gemeente/de-friese-meren/
0058,Dongeradeel,tcm:106-353422-1024,4,/regioinformatie/gemeente/dongeradeel/
1722,Ferwerderadeel (Ferwerderadiel),tcm:106-353423-1024,4,/regioinformatie/gemeente/ferwerderadiel/
0070,Franekeradeel,tcm:106-353424-1024,4,/regioinformatie/gemeente/franekeradeel/
0072,Harlingen,tcm:106-353426-1024,4,/regioinformatie/gemeente/harlingen/
0074,Heerenveen,tcm:106-353427-1024,4,/regioinformatie/gemeente/heerenveen/
0063,het Bildt,tcm:106-353428-1024,4,/regioinformatie/gemeente/het-bildt/
0079,Kollumerland en Nieuwkruisland,tcm:106-353429-1024,4,/regioinformatie/gemeente/kollumerland-ca/
0080,Leeuwarden,tcm:106-353430-1024,4,/regioinformatie/gemeente/leeuwarden/
0081,Leeuwarderadeel,tcm:106-353431-1024,4,/regioinformatie/gemeente/leeuwarderadeel/
0140,Littenseradeel (Littenseradiel),tcm:106-353433-1024,4,/regioinformatie/gemeente/littenseradiel/
1908,Menaldumadeel (Menaldumadiel),tcm:106-353434-1024,4,/regioinformatie/gemeente/menameradiel/
0085,Ooststellingwerf,tcm:106-353435-1024,4,/regioinformatie/gemeente/ooststellingwerf/
0086,Opsterland,tcm:106-353436-1024,4,/regioinformatie/gemeente/opsterland/
0088,Schiermonnikoog,tcm:106-353438-1024,4,/regioinformatie/gemeente/schiermonnikoog/
0090,Smallingerland,tcm:106-353439-1024,4,/regioinformatie/gemeente/smallingerland/
1900,Súdwest-Fryslân,tcm:106-353440-1024,4,/regioinformatie/gemeente/sudwest-fryslan/
0093,Terschelling,tcm:106-353441-1024,4,/regioinformatie/gemeente/terschelling/
0737,Tietjerksteradeel (Tytsjerksteradiel),tcm:106-353442-1024,4,/regioinformatie/gemeente/tytsjerksteradiel/
0096,Vlieland,tcm:106-353443-1024,4,/regioinformatie/gemeente/vlieland/
0098,Weststellingwerf,tcm:106-353444-1024,4,/regioinformatie/gemeente/weststellingwerf/
0197,Aalten,tcm:106-353446-1024,4,/regioinformatie/gemeente/aalten/
0200,Apeldoorn,tcm:106-353447-1024,4,/regioinformatie/gemeente/apeldoorn/
0202,Arnhem,tcm:106-353448-1024,4,/regioinformatie/gemeente/arnhem/
0203,Barneveld,tcm:106-353449-1024,4,/regioinformatie/gemeente/barneveld/
1859,Berkelland,tcm:106-353450-1024,4,/regioinformatie/gemeente/berkelland/
0209,Beuningen,tcm:106-353451-1024,4,/regioinformatie/gemeente/beuningen/
1876,Bronckhorst,tcm:106-353452-1024,4,/regioinformatie/gemeente/bronckhorst/
0213,Brummen,tcm:106-353453-1024,4,/regioinformatie/gemeente/brummen/
0214,Buren,tcm:106-353454-1024,4,/regioinformatie/gemeente/buren/
0216,Culemborg,tcm:106-353455-1024,4,/regioinformatie/gemeente/culemborg/
0221,Doesburg,tcm:106-353456-1024,4,/regioinformatie/gemeente/doesburg/
0222,Doetinchem,tcm:106-353457-1024,4,/regioinformatie/gemeente/doetinchem/
0225,Druten,tcm:106-353458-1024,4,/regioinformatie/gemeente/druten/
0226,Duiven,tcm:106-353459-1024,4,/regioinformatie/gemeente/duiven/
0228,Ede,tcm:106-353460-1024,4,/regioinformatie/gemeente/ede/
0230,Elburg,tcm:106-353461-1024,4,/regioinformatie/gemeente/elburg/
0232,Epe,tcm:106-353462-1024,4,/regioinformatie/gemeente/epe/
0233,Ermelo,tcm:106-353463-1024,4,/regioinformatie/gemeente/ermelo/
0236,Geldermalsen,tcm:106-353464-1024,4,/regioinformatie/gemeente/geldermalsen/
0241,Groesbeek,tcm:106-353465-1024,4,/regioinformatie/gemeente/groesbeek/
0243,Harderwijk,tcm:106-353466-1024,4,/regioinformatie/gemeente/harderwijk/
0244,Hattem,tcm:106-353467-1024,4,/regioinformatie/gemeente/hattem/
0246,Heerde,tcm:106-353468-1024,4,/regioinformatie/gemeente/heerde/
0252,Heumen,tcm:106-353469-1024,4,/regioinformatie/gemeente/heumen/
0733,Lingewaal,tcm:106-353470-1024,4,/regioinformatie/gemeente/lingewaal/
1705,Lingewaard,tcm:106-353471-1024,4,/regioinformatie/gemeente/lingewaard/
0262,Lochem,tcm:106-353472-1024,4,/regioinformatie/gemeente/lochem/
0263,Maasdriel,tcm:106-353473-1024,4,/regioinformatie/gemeente/maasdriel/
1955,Montferland,tcm:106-353475-1024,4,/regioinformatie/gemeente/montferland/
1740,Neder-Betuwe,tcm:106-353476-1024,4,/regioinformatie/gemeente/neder-betuwe/
0304,Neerijnen,tcm:106-353477-1024,4,/regioinformatie/gemeente/neerijnen/
0267,Nijkerk,tcm:106-353478-1024,4,/regioinformatie/gemeente/nijkerk/
0268,Nijmegen,tcm:106-353479-1024,4,/regioinformatie/gemeente/nijmegen/
0302,Nunspeet,tcm:106-353480-1024,4,/regioinformatie/gemeente/nunspeet/
0269,Oldebroek,tcm:106-353481-1024,4,/regioinformatie/gemeente/oldebroek/
1586,Oost Gelre,tcm:106-353482-1024,4,/regioinformatie/gemeente/oost-gelre/
1509,Oude IJsselstreek,tcm:106-353483-1024,4,/regioinformatie/gemeente/oude-ijsselstreek/
1734,Overbetuwe,tcm:106-353484-1024,4,/regioinformatie/gemeente/overbetuwe/
0273,Putten,tcm:106-353485-1024,4,/regioinformatie/gemeente/putten/
0274,Renkum,tcm:106-353486-1024,4,/regioinformatie/gemeente/renkum/
0275,Rheden,tcm:106-353487-1024,4,/regioinformatie/gemeente/rheden/
0196,Rijnwaarden,tcm:106-353488-1024,4,/regioinformatie/gemeente/rijnwaarden/
0277,Rozendaal,tcm:106-353489-1024,4,/regioinformatie/gemeente/rozendaal/
0279,Scherpenzeel,tcm:106-353490-1024,4,/regioinformatie/gemeente/scherpenzeel/
0281,Tiel,tcm:106-353491-1024,4,/regioinformatie/gemeente/tiel/
0285,Voorst,tcm:106-353493-1024,4,/regioinformatie/gemeente/voorst/
0289,Wageningen,tcm:106-353494-1024,4,/regioinformatie/gemeente/wageningen/
0668,West Maas en Waal,tcm:106-353495-1024,4,/regioinformatie/gemeente/west-maas-en-waal/
0293,Westervoort,tcm:106-353496-1024,4,/regioinformatie/gemeente/westervoort/
0296,Wijchen,tcm:106-353497-1024,4,/regioinformatie/gemeente/wijchen/
0294,Winterswijk,tcm:106-353498-1024,4,/regioinformatie/gemeente/winterswijk/
0297,Zaltbommel,tcm:106-353499-1024,4,/regioinformatie/gemeente/zaltbommel/
0299,Zevenaar,tcm:106-353500-1024,4,/regioinformatie/gemeente/zevenaar/
0301,Zutphen,tcm:106-353501-1024,4,/regioinformatie/gemeente/zutphen/
0003,Appingedam,tcm:106-353503-1024,4,/regioinformatie/gemeente/appingedam/
0005,Bedum,tcm:106-353504-1024,4,/regioinformatie/gemeente/bedum/
0007,Bellingwedde,tcm:106-353505-1024,4,/regioinformatie/gemeente/bellingwedde/
1663,De Marne,tcm:106-353506-1024,4,/regioinformatie/gemeente/de-marne/
0010,Delfzijl,tcm:106-353507-1024,4,/regioinformatie/gemeente/delfzijl/
1651,Eemsmond,tcm:106-353508-1024,4,/regioinformatie/gemeente/eemsmond/
0014,Groningen (Gr),tcm:106-353509-1024,4,/regioinformatie/gemeente/groningen/
0015,Grootegast,tcm:106-353510-1024,4,/regioinformatie/gemeente/grootegast/
0017,Haren,tcm:106-353511-1024,4,/regioinformatie/gemeente/haren/
0018,Hoogezand-Sappemeer,tcm:106-353512-1024,4,/regioinformatie/gemeente/hoogezand-sappemeer/
0022,Leek,tcm:106-353513-1024,4,/regioinformatie/gemeente/leek/
0024,Loppersum,tcm:106-353514-1024,4,/regioinformatie/gemeente/loppersum/
0025,Marum,tcm:106-353515-1024,4,/regioinformatie/gemeente/marum/
1987,Menterwolde,tcm:106-353516-1024,4,/regioinformatie/gemeente/menterwolde/
1895,Oldambt,tcm:106-353517-1024,4,/regioinformatie/gemeente/oldambt/
0765,Pekela,tcm:106-353518-1024,4,/regioinformatie/gemeente/pekela/
0040,Slochteren,tcm:106-353519-1024,4,/regioinformatie/gemeente/slochteren/
0037,Stadskanaal,tcm:106-353520-1024,4,/regioinformatie/gemeente/stadskanaal/
0009,Ten Boer,tcm:106-353521-1024,4,/regioinformatie/gemeente/ten-boer/
0047,Veendam,tcm:106-353522-1024,4,/regioinformatie/gemeente/veendam/
0048,Vlagtwedde,tcm:106-353523-1024,4,/regioinformatie/gemeente/vlagtwedde/
0053,Winsum,tcm:106-353524-1024,4,/regioinformatie/gemeente/winsum/
0056,Zuidhorn,tcm:106-353525-1024,4,/regioinformatie/gemeente/zuidhorn/
0888,Beek,tcm:106-353527-1024,4,/regioinformatie/gemeente/beek/
0889,Beesel,tcm:106-353528-1024,4,/regioinformatie/gemeente/beesel/
0893,Bergen (L),tcm:106-353529-1024,4,/regioinformatie/gemeente/bergen-l/
0899,Brunssum,tcm:106-353530-1024,4,/regioinformatie/gemeente/brunssum/
1711,Echt-Susteren,tcm:106-353531-1024,4,/regioinformatie/gemeente/echt-susteren/
1903,Eijsden-Margraten,tcm:106-353532-1024,4,/regioinformatie/gemeente/eijsden-margraten/
0907,Gennep,tcm:106-353533-1024,4,/regioinformatie/gemeente/gennep/
1729,Gulpen-Wittem,tcm:106-353534-1024,4,/regioinformatie/gemeente/gulpen-wittem/
0917,Heerlen,tcm:106-353535-1024,4,/regioinformatie/gemeente/heerlen/
1507,Horst aan de Maas,tcm:106-353536-1024,4,/regioinformatie/gemeente/horst-aan-de-maas/
0928,Kerkrade,tcm:106-353537-1024,4,/regioinformatie/gemeente/kerkrade/
0882,Landgraaf,tcm:106-353538-1024,4,/regioinformatie/gemeente/landgraaf/
1640,Leudal,tcm:106-353539-1024,4,/regioinformatie/gemeente/leudal/
1641,Maasgouw,tcm:106-353540-1024,4,/regioinformatie/gemeente/maasgouw/
0935,Maastricht,tcm:106-353541-1024,4,/regioinformatie/gemeente/maastricht/
0938,Meerssen,tcm:106-353542-1024,4,/regioinformatie/gemeente/meerssen/
0944,Mook en Middelaar,tcm:106-353543-1024,4,/regioinformatie/gemeente/mook-en-middelaar/
0946,Nederweert,tcm:106-353544-1024,4,/regioinformatie/gemeente/nederweert/
0951,Nuth,tcm:106-353545-1024,4,/regioinformatie/gemeente/nuth/
0881,Onderbanken,tcm:106-353546-1024,4,/regioinformatie/gemeente/onderbanken/
1894,Peel en Maas,tcm:106-353547-1024,4,/regioinformatie/gemeente/peel-en-maas/
1669,Roerdalen,tcm:106-353548-1024,4,/regioinformatie/gemeente/roerdalen/
0957,Roermond,tcm:106-353549-1024,4,/regioinformatie/gemeente/roermond/
0962,Schinnen,tcm:106-353550-1024,4,/regioinformatie/gemeente/schinnen/
0965,Simpelveld,tcm:106-353551-1024,4,/regioinformatie/gemeente/simpelveld/
1883,Sittard-Geleen,tcm:106-353552-1024,4,/regioinformatie/gemeente/sittard-geleen/
0971,Stein,tcm:106-353553-1024,4,/regioinformatie/gemeente/stein/
0981,Vaals,tcm:106-353554-1024,4,/regioinformatie/gemeente/vaals/
0994,Valkenburg aan de Geul,tcm:106-353555-1024,4,/regioinformatie/gemeente/valkenburg-aan-de-geul/
0983,Venlo,tcm:106-353556-1024,4,/regioinformatie/gemeente/venlo/
0984,Venray,tcm:106-353557-1024,4,/regioinformatie/gemeente/venray/
0986,Voerendaal,tcm:106-353558-1024,4,/regioinformatie/gemeente/voerendaal/
0988,Weert,tcm:106-353559-1024,4,/regioinformatie/gemeente/weert/
0738,Aalburg,tcm:106-353561-1024,4,/regioinformatie/gemeente/aalburg/
1723,Alphen-Chaam,tcm:106-353562-1024,4,/regioinformatie/gemeente/alphen-chaam/
0743,Asten,tcm:106-353563-1024,4,/regioinformatie/gemeente/asten/
0744,Baarle-Nassau,tcm:106-353564-1024,4,/regioinformatie/gemeente/baarle-nassau/
1724,Bergeijk,tcm:106-353565-1024,4,/regioinformatie/gemeente/bergeijk/
0748,Bergen op Zoom,tcm:106-353566-1024,4,/regioinformatie/gemeente/bergen-op-zoom/
1721,Bernheze,tcm:106-353567-1024,4,/regioinformatie/gemeente/bernheze/
0753,Best,tcm:106-353568-1024,4,/regioinformatie/gemeente/best/
1728,Bladel,tcm:106-353569-1024,4,/regioinformatie/gemeente/bladel/
0755,Boekel,tcm:106-353570-1024,4,/regioinformatie/gemeente/boekel/
0756,Boxmeer,tcm:106-353571-1024,4,/regioinformatie/gemeente/boxmeer/
0757,Boxtel,tcm:106-353572-1024,4,/regioinformatie/gemeente/boxtel/
0758,Breda,tcm:106-353573-1024,4,/regioinformatie/gemeente/breda/
1706,Cranendonck,tcm:106-353574-1024,4,/regioinformatie/gemeente/cranendonck/
1684,Cuijk,tcm:106-353575-1024,4,/regioinformatie/gemeente/cuijk/
0762,Deurne,tcm:106-353576-1024,4,/regioinformatie/gemeente/deurne/
0766,Dongen,tcm:106-353577-1024,4,/regioinformatie/gemeente/dongen/
1719,Drimmelen,tcm:106-353578-1024,4,/regioinformatie/gemeente/drimmelen/
0770,Eersel,tcm:106-353579-1024,4,/regioinformatie/gemeente/eersel/
0772,Eindhoven,tcm:106-353580-1024,4,/regioinformatie/gemeente/eindhoven/
0777,Etten-Leur,tcm:106-353581-1024,4,/regioinformatie/gemeente/etten-leur/
0779,Geertruidenberg,tcm:106-353582-1024,4,/regioinformatie/gemeente/geertruidenberg/
1771,Geldrop-Mierlo,tcm:106-353583-1024,4,/regioinformatie/gemeente/geldrop-mierlo/
1652,Gemert-Bakel,tcm:106-353584-1024,4,/regioinformatie/gemeente/gemert-bakel/
0784,Gilze en Rijen,tcm:106-353585-1024,4,/regioinformatie/gemeente/gilze-en-rijen/
0785,Goirle,tcm:106-353586-1024,4,/regioinformatie/gemeente/goirle/
0786,Grave,tcm:106-353587-1024,4,/regioinformatie/gemeente/grave/
0788,Haaren,tcm:106-353588-1024,4,/regioinformatie/gemeente/haaren/
1655,Halderberge,tcm:106-353589-1024,4,/regioinformatie/gemeente/halderberge/
1658,Heeze-Leende,tcm:106-353590-1024,4,/regioinformatie/gemeente/heeze-leende/
0794,Helmond,tcm:106-353591-1024,4,/regioinformatie/gemeente/helmond/
0797,Heusden,tcm:106-353593-1024,4,/regioinformatie/gemeente/heusden/
0798,Hilvarenbeek,tcm:106-353594-1024,4,/regioinformatie/gemeente/hilvarenbeek/
1659,Laarbeek,tcm:106-353595-1024,4,/regioinformatie/gemeente/laarbeek/
1685,Landerd,tcm:106-353596-1024,4,/regioinformatie/gemeente/landerd/
0809,Loon op Zand,tcm:106-353597-1024,4,/regioinformatie/gemeente/loon-op-zand/
1671,Maasdonk,tcm:106-353598-1024,4,
0815,Mill en Sint Hubert,tcm:106-353599-1024,4,/regioinformatie/gemeente/mill-en-st-hubert/
1709,Moerdijk,tcm:106-353600-1024,4,/regioinformatie/gemeente/moerdijk/
0820,"Nuenen, Gerwen en Nederwetten",tcm:106-353601-1024,4,/regioinformatie/gemeente/nuenen-ca/
0823,Oirschot,tcm:106-353602-1024,4,/regioinformatie/gemeente/oirschot/
0824,Oisterwijk,tcm:106-353603-1024,4,/regioinformatie/gemeente/oisterwijk/
0826,Oosterhout,tcm:106-353604-1024,4,/regioinformatie/gemeente/oosterhout/
0828,Oss,tcm:106-353605-1024,4,/regioinformatie/gemeente/oss/
1667,Reusel-De Mierden,tcm:106-353606-1024,4,/regioinformatie/gemeente/reusel-de-mierden/
1674,Roosendaal,tcm:106-353607-1024,4,/regioinformatie/gemeente/roosendaal/
0840,Rucphen,tcm:106-353608-1024,4,/regioinformatie/gemeente/rucphen/
0844,Schijndel,tcm:106-353609-1024,4,/regioinformatie/gemeente/schijndel/
0796,'s-Hertogenbosch,tcm:106-353592-1024,4,/regioinformatie/gemeente/s-hertogenbosch/
1702,Sint Anthonis,tcm:106-353610-1024,4,/regioinformatie/gemeente/sint-anthonis/
0845,Sint-Michielsgestel,tcm:106-353611-1024,4,/regioinformatie/gemeente/sint-michielsgestel/
0846,Sint-Oedenrode,tcm:106-353612-1024,4,/regioinformatie/gemeente/sint-oedenrode/
0847,Someren,tcm:106-353613-1024,4,/regioinformatie/gemeente/someren/
0848,Son en Breugel,tcm:106-353614-1024,4,/regioinformatie/gemeente/son-en-breugel/
0851,Steenbergen,tcm:106-353615-1024,4,/regioinformatie/gemeente/steenbergen/
0855,Tilburg,tcm:106-353616-1024,4,/regioinformatie/gemeente/tilburg/
0856,Uden,tcm:106-353617-1024,4,/regioinformatie/gemeente/uden/
0858,Valkenswaard,tcm:106-353618-1024,4,/regioinformatie/gemeente/valkenswaard/
0860,Veghel,tcm:106-353619-1024,4,/regioinformatie/gemeente/veghel/
0861,Veldhoven,tcm:106-353620-1024,4,/regioinformatie/gemeente/veldhoven/
0865,Vught,tcm:106-353621-1024,4,/regioinformatie/gemeente/vught/
0866,Waalre,tcm:106-353622-1024,4,/regioinformatie/gemeente/waalre/
0867,Waalwijk,tcm:106-353623-1024,4,/regioinformatie/gemeente/waalwijk/
0870,Werkendam,tcm:106-353624-1024,4,/regioinformatie/gemeente/werkendam/
0873,Woensdrecht,tcm:106-353625-1024,4,/regioinformatie/gemeente/woensdrecht/
0874,Woudrichem,tcm:106-353626-1024,4,/regioinformatie/gemeente/woudrichem/
0879,Zundert,tcm:106-353627-1024,4,/regioinformatie/gemeente/zundert/
0358,Aalsmeer,tcm:106-353629-1024,4,/regioinformatie/gemeente/aalsmeer/
0361,Alkmaar,tcm:106-353630-1024,4,/regioinformatie/gemeente/alkmaar/
0362,Amstelveen,tcm:106-353631-1024,4,/regioinformatie/gemeente/amstelveen/
0363,Amsterdam,tcm:106-353632-1024,4,/regioinformatie/gemeente/amsterdam/
0370,Beemster,tcm:106-353633-1024,4,/regioinformatie/gemeente/beemster/
0373,Bergen (NH),tcm:106-353634-1024,4,/regioinformatie/gemeente/bergen-nh/
0375,Beverwijk,tcm:106-353635-1024,4,/regioinformatie/gemeente/beverwijk/
0376,Blaricum,tcm:106-353636-1024,4,/regioinformatie/gemeente/blaricum/
0377,Bloemendaal,tcm:106-353637-1024,4,/regioinformatie/gemeente/bloemendaal/
0381,Bussum,tcm:106-353638-1024,4,/regioinformatie/gemeente/bussum/
0383,Castricum,tcm:106-353639-1024,4,/regioinformatie/gemeente/castricum/
0400,Den Helder,tcm:106-353640-1024,4,/regioinformatie/gemeente/den-helder/
0384,Diemen,tcm:106-353641-1024,4,/regioinformatie/gemeente/diemen/
0498,Drechterland,tcm:106-353642-1024,4,/regioinformatie/gemeente/drechterland/
0385,Edam-Volendam,tcm:106-353643-1024,4,/regioinformatie/gemeente/edam-volendam/
0388,Enkhuizen,tcm:106-353644-1024,4,/regioinformatie/gemeente/enkhuizen/
0392,Haarlem,tcm:106-353646-1024,4,/regioinformatie/gemeente/haarlem/
0393,Haarlemmerliede en Spaarnwoude,tcm:106-353647-1024,4,/regioinformatie/gemeente/haarlemmerliede-en-spaarnwoude/
0394,Haarlemmermeer,tcm:106-353648-1024,4,/regioinformatie/gemeente/haarlemmermeer/
0396,Heemskerk,tcm:106-353649-1024,4,/regioinformatie/gemeente/heemskerk/
0397,Heemstede,tcm:106-353650-1024,4,/regioinformatie/gemeente/heemstede/
0398,Heerhugowaard,tcm:106-353651-1024,4,/regioinformatie/gemeente/heerhugowaard/
0399,Heiloo,tcm:106-353652-1024,4,/regioinformatie/gemeente/heiloo/
0402,Hilversum,tcm:106-353653-1024,4,/regioinformatie/gemeente/hilversum/
1911,Hollands Kroon,tcm:106-353654-1024,4,/regioinformatie/gemeente/hollands-kroon/
0405,Hoorn,tcm:106-353655-1024,4,/regioinformatie/gemeente/hoorn/
0406,Huizen,tcm:106-353656-1024,4,/regioinformatie/gemeente/huizen/
1598,Koggenland,tcm:106-353657-1024,4,/regioinformatie/gemeente/koggenland/
0415,Landsmeer,tcm:106-353658-1024,4,/regioinformatie/gemeente/landsmeer/
0416,Langedijk,tcm:106-353659-1024,4,/regioinformatie/gemeente/langedijk/
0417,Laren,tcm:106-353660-1024,4,/regioinformatie/gemeente/laren/
0420,Medemblik,tcm:106-353661-1024,4,/regioinformatie/gemeente/medemblik/
0424,Muiden,tcm:106-353662-1024,4,/regioinformatie/gemeente/muiden/
0425,Naarden,tcm:106-353663-1024,4,/regioinformatie/gemeente/naarden/
0431,Oostzaan,tcm:106-353664-1024,4,/regioinformatie/gemeente/oostzaan/
0432,Opmeer,tcm:106-353665-1024,4,/regioinformatie/gemeente/opmeer/
0437,Ouder-Amstel,tcm:106-353666-1024,4,/regioinformatie/gemeente/ouder-amstel/
0439,Purmerend,tcm:106-353667-1024,4,/regioinformatie/gemeente/purmerend/
0441,Schagen,tcm:106-353668-1024,4,/regioinformatie/gemeente/schagen/
0532,Stede Broec,tcm:106-353670-1024,4,/regioinformatie/gemeente/stede-broec/
0448,Texel,tcm:106-353671-1024,4,/regioinformatie/gemeente/texel/
0450,Uitgeest,tcm:106-353672-1024,4,/regioinformatie/gemeente/uitgeest/
0451,Uithoorn,tcm:106-353673-1024,4,/regioinformatie/gemeente/uithoorn/
0453,Velsen,tcm:106-353674-1024,4,/regioinformatie/gemeente/velsen/
0852,Waterland,tcm:106-353675-1024,4,/regioinformatie/gemeente/waterland/
0457,Weesp,tcm:106-353676-1024,4,/regioinformatie/gemeente/weesp/
1696,Wijdemeren,tcm:106-353677-1024,4,/regioinformatie/gemeente/wijdemeren/
0880,Wormerland,tcm:106-353678-1024,4,/regioinformatie/gemeente/wormerland/
0479,Zaanstad,tcm:106-353679-1024,4,/regioinformatie/gemeente/zaanstad/
0473,Zandvoort,tcm:106-353680-1024,4,/regioinformatie/gemeente/zandvoort/
0478,Zeevang,tcm:106-353681-1024,4,/regioinformatie/gemeente/zeevang/
0141,Almelo,tcm:106-353683-1024,4,/regioinformatie/gemeente/almelo/
0147,Borne,tcm:106-353684-1024,4,/regioinformatie/gemeente/borne/
0148,Dalfsen,tcm:106-353685-1024,4,/regioinformatie/gemeente/dalfsen/
0150,Deventer,tcm:106-353686-1024,4,/regioinformatie/gemeente/deventer/
1774,Dinkelland,tcm:106-353687-1024,4,/regioinformatie/gemeente/dinkelland/
0153,Enschede,tcm:106-353688-1024,4,/regioinformatie/gemeente/enschede/
0158,Haaksbergen,tcm:106-353689-1024,4,/regioinformatie/gemeente/haaksbergen/
0160,Hardenberg,tcm:106-353690-1024,4,/regioinformatie/gemeente/hardenberg/
0163,Hellendoorn,tcm:106-353691-1024,4,/regioinformatie/gemeente/hellendoorn/
0164,Hengelo (O),tcm:106-353692-1024,4,/regioinformatie/gemeente/hengelo-ov/
1735,Hof van Twente,tcm:106-353693-1024,4,/regioinformatie/gemeente/hof-van-twente/
0166,Kampen,tcm:106-353694-1024,4,/regioinformatie/gemeente/kampen/
0168,Losser,tcm:106-353695-1024,4,/regioinformatie/gemeente/losser/
0173,Oldenzaal,tcm:106-353696-1024,4,/regioinformatie/gemeente/oldenzaal/
1773,Olst-Wijhe,tcm:106-353697-1024,4,/regioinformatie/gemeente/olst-wijhe/
0175,Ommen,tcm:106-353698-1024,4,/regioinformatie/gemeente/ommen/
0177,Raalte,tcm:106-353699-1024,4,/regioinformatie/gemeente/raalte/
1742,Rijssen-Holten,tcm:106-353700-1024,4,/regioinformatie/gemeente/rijssen-holten/
0180,Staphorst,tcm:106-353701-1024,4,/regioinformatie/gemeente/staphorst/
1708,Steenwijkerland,tcm:106-353702-1024,4,/regioinformatie/gemeente/steenwijkerland/
0183,Tubbergen,tcm:106-353703-1024,4,/regioinformatie/gemeente/tubbergen/
1700,Twenterand,tcm:106-353704-1024,4,/regioinformatie/gemeente/twenterand/
0189,Wierden,tcm:106-353705-1024,4,/regioinformatie/gemeente/wierden/
1896,Zwartewaterland,tcm:106-353706-1024,4,/regioinformatie/gemeente/zwartewaterland/
0193,Zwolle,tcm:106-353707-1024,4,/regioinformatie/gemeente/zwolle/
0307,Amersfoort,tcm:106-353709-1024,4,/regioinformatie/gemeente/amersfoort/
0308,Baarn,tcm:106-353710-1024,4,/regioinformatie/gemeente/baarn/
0312,Bunnik,tcm:106-353711-1024,4,/regioinformatie/gemeente/bunnik/
0313,Bunschoten,tcm:106-353712-1024,4,/regioinformatie/gemeente/bunschoten/
0310,De Bilt,tcm:106-353713-1024,4,/regioinformatie/gemeente/de-bilt/
0736,De Ronde Venen,tcm:106-353714-1024,4,/regioinformatie/gemeente/de-ronde-venen/
0317,Eemnes,tcm:106-353715-1024,4,/regioinformatie/gemeente/eemnes/
0321,Houten,tcm:106-353716-1024,4,/regioinformatie/gemeente/houten/
0353,IJsselstein,tcm:106-353717-1024,4,/regioinformatie/gemeente/ijsselstein/
0327,Leusden,tcm:106-353718-1024,4,/regioinformatie/gemeente/leusden/
0331,Lopik,tcm:106-353719-1024,4,/regioinformatie/gemeente/lopik/
0335,Montfoort,tcm:106-353720-1024,4,/regioinformatie/gemeente/montfoort/
0356,Nieuwegein,tcm:106-353721-1024,4,/regioinformatie/gemeente/nieuwegein/
0589,Oudewater,tcm:106-353722-1024,4,/regioinformatie/gemeente/oudewater/
0339,Renswoude,tcm:106-353723-1024,4,/regioinformatie/gemeente/renswoude/
0340,Rhenen,tcm:106-353724-1024,4,/regioinformatie/gemeente/rhenen/
0342,Soest,tcm:106-353725-1024,4,/regioinformatie/gemeente/soest/
1904,Stichtse Vecht,tcm:106-353726-1024,4,/regioinformatie/gemeente/stichtse-vecht/
0344,Utrecht (Ut),tcm:106-353727-1024,4,/regioinformatie/gemeente/utrecht/
1581,Utrechtse Heuvelrug,tcm:106-353728-1024,4,/regioinformatie/gemeente/utrechtse-heuvelrug/
0345,Veenendaal,tcm:106-353729-1024,4,/regioinformatie/gemeente/veenendaal/
0620,Vianen,tcm:106-353730-1024,4,/regioinformatie/gemeente/vianen/
0352,Wijk bij Duurstede,tcm:106-353731-1024,4,/regioinformatie/gemeente/wijk-bij-duurstede/
0632,Woerden,tcm:106-353732-1024,4,/regioinformatie/gemeente/woerden/
0351,Woudenberg,tcm:106-353733-1024,4,/regioinformatie/gemeente/woudenberg/
0355,Zeist,tcm:106-353734-1024,4,/regioinformatie/gemeente/zeist/
0654,Borsele,tcm:106-353736-1024,4,/regioinformatie/gemeente/borsele/
0664,Goes,tcm:106-353737-1024,4,/regioinformatie/gemeente/goes/
0677,Hulst,tcm:106-353738-1024,4,/regioinformatie/gemeente/hulst/
0678,Kapelle,tcm:106-353739-1024,4,/regioinformatie/gemeente/kapelle/
0687,Middelburg,tcm:106-353740-1024,4,/regioinformatie/gemeente/middelburg/
1695,Noord-Beveland,tcm:106-353741-1024,4,/regioinformatie/gemeente/noord-beveland/
0703,Reimerswaal,tcm:106-353742-1024,4,/regioinformatie/gemeente/reimerswaal/
1676,Schouwen-Duiveland,tcm:106-353743-1024,4,/regioinformatie/gemeente/schouwen-duiveland/
1714,Sluis,tcm:106-353744-1024,4,/regioinformatie/gemeente/sluis/
0715,Terneuzen,tcm:106-353745-1024,4,/regioinformatie/gemeente/terneuzen/
0716,Tholen,tcm:106-353746-1024,4,/regioinformatie/gemeente/tholen/
0717,Veere,tcm:106-353747-1024,4,/regioinformatie/gemeente/veere/
0718,Vlissingen,tcm:106-353748-1024,4,/regioinformatie/gemeente/vlissingen/
0482,Alblasserdam,tcm:106-353750-1024,4,/regioinformatie/gemeente/alblasserdam/
0613,Albrandswaard,tcm:106-353751-1024,4,/regioinformatie/gemeente/albrandswaard/
0484,Alphen aan den Rijn,tcm:106-353752-1024,4,/regioinformatie/gemeente/alphen-aan-den-rijn/
0489,Barendrecht,tcm:106-353753-1024,4,/regioinformatie/gemeente/barendrecht/
0585,Binnenmaas,tcm:106-353756-1024,4,/regioinformatie/gemeente/binnenmaas/
1901,Bodegraven-Reeuwijk,tcm:106-353757-1024,4,/regioinformatie/gemeente/bodegraven-reeuwijk/
0501,Brielle,tcm:106-353759-1024,4,/regioinformatie/gemeente/brielle/
0502,Capelle aan den IJssel,tcm:106-353760-1024,4,/regioinformatie/gemeente/capelle-aan-den-ijssel/
0611,Cromstrijen,tcm:106-353761-1024,4,/regioinformatie/gemeente/cromstrijen/
0503,Delft,tcm:106-353762-1024,4,/regioinformatie/gemeente/delft/
0505,Dordrecht,tcm:106-353764-1024,4,/regioinformatie/gemeente/dordrecht/
0689,Giessenlanden,tcm:106-353765-1024,4,/regioinformatie/gemeente/giessenlanden/
1924,Goeree-Overflakkee,tcm:106-353766-1024,4,/regioinformatie/gemeente/goeree-overflakkee/
0512,Gorinchem,tcm:106-353767-1024,4,/regioinformatie/gemeente/gorinchem/
0513,Gouda,tcm:106-353768-1024,4,/regioinformatie/gemeente/gouda/
0523,Hardinxveld-Giessendam,tcm:106-353769-1024,4,/regioinformatie/gemeente/hardinxveld-giessendam/
0530,Hellevoetsluis,tcm:106-353770-1024,4,/regioinformatie/gemeente/hellevoetsluis/
0531,Hendrik-Ido-Ambacht,tcm:106-353771-1024,4,/regioinformatie/gemeente/hendrik-ido-ambacht/
0534,Hillegom,tcm:106-353772-1024,4,/regioinformatie/gemeente/hillegom/
1884,Kaag en Braassem,tcm:106-353773-1024,4,/regioinformatie/gemeente/kaag-en-braassem/
0537,Katwijk,tcm:106-353774-1024,4,/regioinformatie/gemeente/katwijk/
0588,Korendijk,tcm:106-353775-1024,4,/regioinformatie/gemeente/korendijk/
0542,Krimpen aan den IJssel,tcm:106-353776-1024,4,/regioinformatie/gemeente/krimpen-aan-den-ijssel/
1931,Krimpenerwaard,tcm:106-401748-1024,4,/regioinformatie/gemeente/krimpenerwaard/
1621,Lansingerland,tcm:106-353777-1024,4,/regioinformatie/gemeente/lansingerland/
0545,Leerdam,tcm:106-353778-1024,4,/regioinformatie/gemeente/leerdam/
0546,Leiden,tcm:106-353779-1024,4,/regioinformatie/gemeente/leiden/
0547,Leiderdorp,tcm:106-353780-1024,4,/regioinformatie/gemeente/leiderdorp/
1916,Leidschendam-Voorburg,tcm:106-353781-1024,4,/regioinformatie/gemeente/leidschendam-voorburg/
0553,Lisse,tcm:106-353782-1024,4,/regioinformatie/gemeente/lisse/
0556,Maassluis,tcm:106-353783-1024,4,/regioinformatie/gemeente/maassluis/
1842,Midden-Delfland,tcm:106-353784-1024,4,/regioinformatie/gemeente/midden-delfland/
1927,Molenwaard,tcm:106-353785-1024,4,/regioinformatie/gemeente/molenwaard/
0569,Nieuwkoop,tcm:106-353787-1024,4,/regioinformatie/gemeente/nieuwkoop/
1930,Nissewaard,tcm:106-401749-1024,4,/regioinformatie/gemeente/nissewaard/
0575,Noordwijk,tcm:106-353788-1024,4,/regioinformatie/gemeente/noordwijk/
0576,Noordwijkerhout,tcm:106-353789-1024,4,/regioinformatie/gemeente/noordwijkerhout/
0579,Oegstgeest,tcm:106-353790-1024,4,/regioinformatie/gemeente/oegstgeest/
0584,Oud-Beijerland,tcm:106-353791-1024,4,/regioinformatie/gemeente/oud-beijerland/
0590,Papendrecht,tcm:106-353793-1024,4,/regioinformatie/gemeente/papendrecht/
1926,Pijnacker-Nootdorp,tcm:106-353794-1024,4,/regioinformatie/gemeente/pijnacker-nootdorp/
0597,Ridderkerk,tcm:106-353795-1024,4,/regioinformatie/gemeente/ridderkerk/
0603,Rijswijk,tcm:106-353797-1024,4,/regioinformatie/gemeente/rijswijk/
0599,Rotterdam,tcm:106-353798-1024,4,/regioinformatie/gemeente/rotterdam/
0606,Schiedam,tcm:106-353799-1024,4,/regioinformatie/gemeente/schiedam/
0518,'s-Gravenhage,tcm:106-353763-1024,4,/regioinformatie/gemeente/den-haag/
0610,Sliedrecht,tcm:106-353801-1024,4,/regioinformatie/gemeente/sliedrecht/
0617,Strijen,tcm:106-353803-1024,4,/regioinformatie/gemeente/strijen/
1525,Teylingen,tcm:106-353804-1024,4,/regioinformatie/gemeente/teylingen/
0622,Vlaardingen,tcm:106-353805-1024,4,/regioinformatie/gemeente/vlaardingen/
0626,Voorschoten,tcm:106-353807-1024,4,/regioinformatie/gemeente/voorschoten/
0627,Waddinxveen,tcm:106-353808-1024,4,/regioinformatie/gemeente/waddinxveen/
0629,Wassenaar,tcm:106-353809-1024,4,/regioinformatie/gemeente/wassenaar/
1783,Westland,tcm:106-353810-1024,4,/regioinformatie/gemeente/westland/
0614,Westvoorne,tcm:106-353811-1024,4,/regioinformatie/gemeente/westvoorne/
0707,Zederik,tcm:106-353812-1024,4,/regioinformatie/gemeente/zederik/
0637,Zoetermeer,tcm:106-353813-1024,4,/regioinformatie/gemeente/zoetermeer/
0638,Zoeterwoude,tcm:106-353814-1024,4,/regioinformatie/gemeente/zoeterwoude/
1892,Zuidplas,tcm:106-353815-1024,4,/regioinformatie/gemeente/zuidplas/
0642,Zwijndrecht,tcm:106-353816-1024,4,/regioinformatie/gemeente/zwijndrecht/
